{
    "large_bowl.fbx": {
        "width": 0.24714061617851257,
        "depth": 0.2471267133951187,
        "height": 0.10133472084999084
    }
}