{
    "width": 0.17570920288562775,
    "depth": 0.02325141429901123,
    "height": 0.02142251469194889
}