{
    "bread_1.fbx": {
        "width": 0.24799400568008423,
        "depth": 0.11701453477144241,
        "height": 0.1628442406654358
    }
}