{
    "width": 0.23770201206207275,
    "depth": 0.1451829969882965,
    "height": 0.027309715747833252
}