{
    "grain_buckwheat.fbx": {
        "width": 0.15092654526233673,
        "depth": 0.1513480842113495,
        "height": 0.07447586953639984
    }
}