{
    "width": 0.21032162010669708,
    "depth": 0.07246199995279312,
    "height": 0.07363033294677734
}