{
    "yellow_orange.fbx": {
        "width": 0.05865217000246048,
        "depth": 0.05865217000246048,
        "height": 0.06318305432796478
    }
}