{
    "kitchen_knife_2.fbx": {
        "width": 0.3003997504711151,
        "depth": 0.07970280200242996,
        "height": 0.012525685131549835
    }
}