{
    "cold_cutting_2.fbx": {
        "width": 0.20481270551681519,
        "depth": 0.10844080150127411,
        "height": 0.051837384700775146
    }
}