{
    "bread_roll_1.fbx": {
        "width": 0.13816902041435242,
        "depth": 0.13647150993347168,
        "height": 0.05957924202084541
    }
}