{
    "yellow_pineapple.fbx": {
        "width": 0.20389774441719055,
        "depth": 0.19055713713169098,
        "height": 0.3216519355773926
    }
}