{
    "round_red_onion.fbx": {
        "width": 0.09363333880901337,
        "depth": 0.09363333880901337,
        "height": 0.09745311737060547
    }
}