{
    "bread_roll_2.fbx": {
        "width": 0.23159775137901306,
        "depth": 0.1270725131034851,
        "height": 0.0742306187748909
    }
}