{
    "width": 0.10943752527236938,
    "depth": 0.07905276119709015,
    "height": 0.08157812803983688
}