{
    "width": 0.07040420174598694,
    "depth": 0.07040419429540634,
    "height": 0.07595360279083252
}