{
    "width": 0.2726624608039856,
    "depth": 0.06413744390010834,
    "height": 0.0627354085445404
}