{
    "width": 0.37336230278015137,
    "depth": 0.04193638265132904,
    "height": 0.012280729599297047
}