{
    "scissors_1.fbx": {
        "width": 0.18148738145828247,
        "depth": 0.07394242286682129,
        "height": 0.007689334452152252
    }
}