{
    "width": 0.2867489755153656,
    "depth": 0.029918566346168518,
    "height": 0.0122342798858881
}