{
    "width": 0.17632828652858734,
    "depth": 0.03339885547757149,
    "height": 0.03219541907310486
}