{
    "width": 0.12090058624744415,
    "depth": 0.1250244826078415,
    "height": 0.04819130524992943
}