{
    "green_banana.fbx": {
        "width": 0.20524998009204865,
        "depth": 0.1092643216252327,
        "height": 0.047264158725738525
    }
}