{
    "oven_mitt.fbx": {
        "width": 0.29813626408576965,
        "depth": 0.0720033273100853,
        "height": 0.4541443884372711
    }
}