{
    "pan.fbx": {
        "width": 0.4538607895374298,
        "depth": 0.28825435042381287,
        "height": 0.055358726531267166
    }
}