{
    "cheese_2.fbx": {
        "width": 0.14038494229316711,
        "depth": 0.11592219769954681,
        "height": 0.06496363878250122
    }
}