{
    "coke_can.fbx": {
        "width": 0.06076228246092796,
        "depth": 0.060761623084545135,
        "height": 0.10352446138858795
    }
}