{
    "width": 0.2679574489593506,
    "depth": 0.2679551839828491,
    "height": 0.026710253208875656
}