{
    "width": 0.297355055809021,
    "depth": 0.023790031671524048,
    "height": 0.010516750626266003
}