{
    "beer_bottle.fbx": {
        "width": 0.07472123950719833,
        "depth": 0.07472124695777893,
        "height": 0.27716654539108276
    }
}