{
    "width": 0.4447931945323944,
    "depth": 0.11118486523628235,
    "height": 0.08113069832324982
}