{
    "blue_vase.fbx": {
        "width": 0.17176662385463715,
        "depth": 0.1718253344297409,
        "height": 0.21785008907318115
    }
}