{
    "width": 0.3359452784061432,
    "depth": 0.05162584036588669,
    "height": 0.059438809752464294
}