{
    "butter.fbx": {
        "width": 0.12319421023130417,
        "depth": 0.06720516830682755,
        "height": 0.04226909205317497
    }
}