{
    "width": 0.18214523792266846,
    "depth": 0.1821347028017044,
    "height": 0.0748731791973114
}