{
    "width": 0.4024428725242615,
    "depth": 0.10326150804758072,
    "height": 0.046229682862758636
}