{
    "width": 0.21217405796051025,
    "depth": 0.2121618688106537,
    "height": 0.08710212260484695
}