{
    "tomato.fbx": {
        "width": 0.0740850642323494,
        "depth": 0.07264278084039688,
        "height": 0.07555056363344193
    }
}