{
    "width": 0.004220138303935528,
    "depth": 0.0041903662495315075,
    "height": 0.004167931620031595
}