{
    "ladle.fbx": {
        "width": 0.17676663398742676,
        "depth": 0.036899566650390625,
        "height": 0.017972201108932495
    }
}