{
    "tulip.fbx": {
        "width": 0.4169052243232727,
        "depth": 0.19112271070480347,
        "height": 0.09669657051563263
    }
}