{
    "width": 0.20389218628406525,
    "depth": 0.19055712223052979,
    "height": 0.3216482400894165
}