{
    "width": 0.25407662987709045,
    "depth": 0.25407975912094116,
    "height": 0.25638559460639954
}