{
    "width": 0.06262832134962082,
    "depth": 0.052179720252752304,
    "height": 0.050306640565395355
}