{
    "garlic.fbx": {
        "width": 0.07405948638916016,
        "depth": 0.06987206637859344,
        "height": 0.06926707923412323
    }
}