{
    "width": 0.2427590787410736,
    "depth": 0.2638785243034363,
    "height": 0.3651946187019348
}