{
    "width": 0.16725079715251923,
    "depth": 0.16725079715251923,
    "height": 0.022337954491376877
}