{
    "paicha.fbx": {
        "width": 0.17971813678741455,
        "depth": 0.02185675874352455,
        "height": 0.018774831667542458
    }
}