{
    "lime.fbx": {
        "width": 0.09163682907819748,
        "depth": 0.05969637632369995,
        "height": 0.05915488675236702
    }
}