{
    "target.fbx": {
        "width": 0.4642515182495117,
        "depth": 0.0455947071313858,
        "height": 0.464252233505249
    }
}