{
    "width": 0.07040420174598694,
    "depth": 0.07040420174598694,
    "height": 0.07595370709896088
}