{
    "width": 0.09363646060228348,
    "depth": 0.09363646060228348,
    "height": 0.09773904085159302
}