{
    "pepper_white.fbx": {
        "width": 0.0044676270335912704,
        "depth": 0.004468073137104511,
        "height": 0.004395741969347
    }
}