{
    "rose.fbx": {
        "width": 0.26729708909988403,
        "depth": 0.10484997183084488,
        "height": 0.12166869640350342
    }
}