{
    "watermelon.fbx": {
        "width": 0.26948899030685425,
        "depth": 0.2735486328601837,
        "height": 0.3200451135635376
    }
}