{
    "width": 0.03874582797288895,
    "depth": 0.03401896357536316,
    "height": 0.06755021214485168
}