{
    "width": 0.4389028549194336,
    "depth": 0.0476495698094368,
    "height": 0.10327476263046265
}