{
    "width": 0.20543810725212097,
    "depth": 0.10939562320709229,
    "height": 0.04675468057394028
}