{
    "yellow_vase.fbx": {
        "width": 0.1617611199617386,
        "depth": 0.16111446917057037,
        "height": 0.2181999683380127
    }
}