{
    "medium_plate.fbx": {
        "width": 0.21816368401050568,
        "depth": 0.21816368401050568,
        "height": 0.02391206845641136
    }
}