{
    "width": 0.10925714671611786,
    "depth": 0.10641162097454071,
    "height": 0.11132172495126724
}