{
    "width": 0.3299078643321991,
    "depth": 0.20878799259662628,
    "height": 0.02082800306379795
}