{
    "width": 0.16295914351940155,
    "depth": 0.11360684782266617,
    "height": 0.16073857247829437
}