{
    "pickled_cucumber.fbx": {
        "width": 0.07642944157123566,
        "depth": 0.017882317304611206,
        "height": 0.015897590667009354
    }
}