{
    "cold_cutting_1.fbx": {
        "width": 0.2047179937362671,
        "depth": 0.06346940249204636,
        "height": 0.06346940249204636
    }
}