{
    "width": 0.02155534364283085,
    "depth": 0.021472789347171783,
    "height": 0.03553739935159683
}