{
    "width": 0.09104868769645691,
    "depth": 0.11787188053131104,
    "height": 0.05608176440000534
}