{
    "cheese_3.fbx": {
        "width": 0.23624153435230255,
        "depth": 0.12065938860177994,
        "height": 0.0666733980178833
    }
}