{
    "width": 0.09890708327293396,
    "depth": 0.0985957682132721,
    "height": 0.09689629822969437
}