{
    "black_towel.fbx": {
        "width": 0.364708811044693,
        "depth": 0.266131728887558,
        "height": 0.08315789699554443
    }
}