{
    "width": 0.10064974427223206,
    "depth": 0.1043362021446228,
    "height": 0.10871341824531555
}