{
    "teaspoon.fbx": {
        "width": 0.1856062263250351,
        "depth": 0.0392000675201416,
        "height": 0.019486187025904655
    }
}