{
    "peeler.fbx": {
        "width": 0.21505442261695862,
        "depth": 0.036905016750097275,
        "height": 0.012525673024356365
    }
}