{
    "width": 0.12397795915603638,
    "depth": 0.12397369742393494,
    "height": 0.2834169864654541
}