{
    "width": 0.26352864503860474,
    "depth": 0.08100147545337677,
    "height": 0.014202560298144817
}