{
    "width": 0.20525778830051422,
    "depth": 0.10950975120067596,
    "height": 0.046125590801239014
}