{
    "pepper_brown.fbx": {
        "width": 0.004087707027792931,
        "depth": 0.004145387560129166,
        "height": 0.004151307977735996
    }
}