{
    "width": 0.06411106139421463,
    "depth": 0.06381354480981827,
    "height": 0.061991848051548004
}